<?xml version="1.0" encoding="UTF-8" ?>
<!DOCTYPE ci [
  <!ELEMENT ci (task*,matrix*)>
  <!ELEMENT task (#PCDATA)>
  <!ATTLIST task id ID #REQUIRED>
  <!ELEMENT matrix (run*)>
  <!ATTLIST matrix id ID #REQUIRED>
  <!ELEMENT run (v*)>
  <!ATTLIST run matrix IDREF #IMPLIED>
  <!ATTLIST run task IDREF #IMPLIED>
  <!ELEMENT v (#PCDATA)>
  <!ATTLIST v n CDATA #REQUIRED>
]>
<ci>

  <task id="main"><![CDATA[
    export JAVA_HOME=$HOME/apps/java-$java
    sbt ++$scala package packageDoc &&
    sbt ++$scala helloworld/run \
        'set scalaJSStage in Global := FastOptStage' \
        ++$scala helloworld/run \
        'set scalaJSStage in Global := FullOptStage' \
        ++$scala helloworld/run \
        helloworld/clean &&
    sbt 'set scalaJSOptimizerOptions in helloworld ~= (_.withDisableOptimizer(true))' \
        'set scalaJSStage in Global := FastOptStage' \
        ++$scala helloworld/run \
        helloworld/clean &&
    sbt 'set inScope(ThisScope in helloworld)(postLinkJSEnv := new org.scalajs.jsenv.RetryingComJSEnv(PhantomJSEnv().value))' \
        'set scalaJSStage in Global := FastOptStage' \
        ++$scala helloworld/run \
        'set scalaJSStage in Global := FullOptStage' \
        ++$scala helloworld/run &&
    sbt 'set inScope(ThisScope in testingExample)(postLinkJSEnv := new org.scalajs.jsenv.RetryingComJSEnv(PhantomJSEnv().value))' \
        ++$scala testingExample/test \
        'set scalaJSStage in Global := FastOptStage' \
        ++$scala testingExample/test \
        'set scalaJSStage in Global := FullOptStage' \
        ++$scala testingExample/test \
        testingExample/clean &&
    sbt 'set inScope(ThisScope in testingExample)(postLinkJSEnv := new org.scalajs.jsenv.RetryingComJSEnv(PhantomJSEnv().value))' \
        'set scalaJSOptimizerOptions in testingExample ~= (_.withDisableOptimizer(true))' \
        'set scalaJSStage in Global := FastOptStage' \
        ++$scala testingExample/test &&
    sbt ++$scala testSuite/test noIrCheckTest/test \
        'set scalaJSStage in Global := FastOptStage' \
        ++$scala testSuite/test noIrCheckTest/test \
        'set scalaJSStage in Global := FullOptStage' \
        ++$scala testSuite/test noIrCheckTest/test \
        testSuite/clean &&
    sbt 'set scalaJSOptimizerOptions in testSuite ~= (_.withDisableOptimizer(true))' \
        'set scalaJSStage in Global := FastOptStage' \
        ++$scala testSuite/test \
        testSuite/clean &&
    sbt 'set scalaJSSemantics in testSuite ~= { _.withAsInstanceOfs(org.scalajs.core.tools.sem.CheckedBehavior.Compliant).withStrictFloats(true) }' \
        ++$scala testSuite/test \
        'set scalaJSStage in Global := FastOptStage' \
        ++$scala testSuite/test \
        'set scalaJSStage in Global := FullOptStage' \
        ++$scala testSuite/test \
        testSuite/clean &&
    sbt 'set scalaJSSemantics in testSuite ~= { _.withAsInstanceOfs(org.scalajs.core.tools.sem.CheckedBehavior.Compliant).withStrictFloats(true) }' \
        'set scalaJSOptimizerOptions in testSuite ~= (_.withDisableOptimizer(true))' \
        'set scalaJSStage in Global := FastOptStage' \
        ++$scala testSuite/test \
        testSuite/clean &&
    sbt 'set inScope(ThisScope in helloworld)(postLinkJSEnv := new org.scalajs.jsenv.RetryingComJSEnv(PhantomJSEnv().value))' \
        'set scalaJSStage in Global := FastOptStage' \
        ++$scala testSuite/test \
        'set scalaJSStage in Global := FullOptStage' \
        ++$scala testSuite/test \
        testSuite/clean &&
    sbt 'set scalacOptions in testSuite += "-Xexperimental"' \
        ++$scala testSuite/test \
        'set scalaJSStage in Global := FastOptStage' \
        ++$scala testSuite/test \
        'set scalaJSStage in Global := FullOptStage' \
        ++$scala testSuite/test &&
    sbt 'set scalaJSStage in Global := FastOptStage' \
        ++$scala javalibExTestSuite/test \
        'set scalaJSStage in Global := FullOptStage' \
        ++$scala javalibExTestSuite/test &&
    sbt ++$scala testSuite/test:doc compiler/test reversi/fastOptJS reversi/fullOptJS &&
    sbt ++$scala partest/fetchScalaSource &&
    sbt ++$scala library/mimaReportBinaryIssues testInterface/mimaReportBinaryIssues &&
    sh ci/checksizes.sh $scala &&
    sh ci/check-partest-coverage.sh $scala
  ]]></task>

  <task id="bootstrap"><![CDATA[
    export JAVA_HOME=$HOME/apps/java-$java
    sbt 'set scalaJSStage in Global := FastOptStage' \
        ++$scala toolsJS/test \
        'set scalaJSStage in Global := FullOptStage' \
        ++$scala toolsJS/test \
        irJS/mimaReportBinaryIssues toolsJS/mimaReportBinaryIssues
  ]]></task>

  <task id="tools-cli-stubs"><![CDATA[
    export JAVA_HOME=$HOME/apps/java-$java
    sbt ++$scala tools/package tools/test cli/assembly stubs/package \
        jsEnvs/test \
        ir/mimaReportBinaryIssues tools/mimaReportBinaryIssues \
        jsEnvs/mimaReportBinaryIssues testAdapter/mimaReportBinaryIssues \
        stubs/mimaReportBinaryIssues
  ]]></task>

  <task id="tools-cli-stubs-sbtplugin"><![CDATA[
    export JAVA_HOME=$HOME/apps/java-$java
    sbt ++$scala tools/package tools/test cli/assembly stubs/package \
        sbtPlugin/package jsEnvs/test \
        ir/mimaReportBinaryIssues tools/mimaReportBinaryIssues \
        jsEnvs/mimaReportBinaryIssues testAdapter/mimaReportBinaryIssues \
        sbtPlugin/mimaReportBinaryIssues stubs/mimaReportBinaryIssues
  ]]></task>

  <task id="partestc"><![CDATA[
    export JAVA_HOME=$HOME/apps/java-$java
    sbt ++$scala partest/compile
  ]]></task>

  <task id="sbtplugin-test"><![CDATA[
    # Publish Scala.js artifacts locally
    sbt ++2.11.6 compiler/publishLocal library/publishLocal javalibEx/publishLocal \
                 testInterface/publishLocal jasmineTestFramework/publishLocal stubs/publishLocal \
        ++2.10.5 ir/publishLocal tools/publishLocal jsEnvs/publishLocal \
                 testAdapter/publishLocal sbtPlugin/publishLocal
    # Go into standalone project and test
    cd sbt-plugin-test
    sbt noDOM/run withDOM/run test \
        'set scalaJSStage in Global := FastOptStage' \
        jetty9/run test \
        jsDependenciesTest/packageJSDependencies
  ]]></task>

  <task id="partest-noopt"><![CDATA[
    export JAVA_HOME=$HOME/apps/java-$java
    sbt ++$scala package "partestSuite/testOnly -- --showDiff"
  ]]></task>

  <task id="partest-fastopt"><![CDATA[
    export JAVA_HOME=$HOME/apps/java-$java
    sbt ++$scala package "partestSuite/testOnly -- --fastOpt --showDiff"
  ]]></task>

  <task id="partest-fullopt"><![CDATA[
    export JAVA_HOME=$HOME/apps/java-$java
    sbt ++$scala package "partestSuite/testOnly -- --fullOpt --showDiff"
  ]]></task>

  <matrix id="pr">
    <!-- Main test tasks -->
    <run task="main">
      <v n="scala">2.10.2</v>
      <v n="java">1.6</v>
    </run>
    <run task="main">
      <v n="scala">2.10.2</v>
      <v n="java">1.7</v>
    </run>
    <run task="main">
      <v n="scala">2.10.2</v>
      <v n="java">1.8</v>
    </run>
    <run task="main">
      <v n="scala">2.11.6</v>
      <v n="java">1.6</v>
    </run>
    <run task="main">
      <v n="scala">2.11.6</v>
      <v n="java">1.7</v>
    </run>
    <run task="main">
      <v n="scala">2.11.6</v>
      <v n="java">1.8</v>
    </run>

    <!-- Bootstrap test tasks -->
    <run task="bootstrap">
      <v n="scala">2.10.2</v>
      <v n="java">1.6</v>
    </run>
    <run task="bootstrap">
      <v n="scala">2.10.2</v>
      <v n="java">1.7</v>
    </run>
    <run task="bootstrap">
      <v n="scala">2.10.2</v>
      <v n="java">1.8</v>
    </run>
    <!-- Tools do not compile on JDK6, Scala 2.11.x (see #1235) -->
    <run task="bootstrap">
      <v n="scala">2.11.6</v>
      <v n="java">1.7</v>
    </run>
    <run task="bootstrap">
      <v n="scala">2.11.6</v>
      <v n="java">1.8</v>
    </run>

    <!-- Tools / CLI / Stubs / sbtPlugin test tasks -->
    <run task="tools-cli-stubs-sbtplugin">
      <v n="scala">2.10.5</v>
      <v n="java">1.6</v>
    </run>
    <run task="tools-cli-stubs-sbtplugin">
      <v n="scala">2.10.5</v>
      <v n="java">1.7</v>
    </run>
    <run task="tools-cli-stubs-sbtplugin">
      <v n="scala">2.10.5</v>
      <v n="java">1.8</v>
    </run>
    <!-- Tools do not compile on JDK6, Scala 2.11.x (see #1235) -->
    <run task="tools-cli-stubs">
      <v n="scala">2.11.6</v>
      <v n="java">1.7</v>
    </run>
    <run task="tools-cli-stubs">
      <v n="scala">2.11.6</v>
      <v n="java">1.8</v>
    </run>

    <!-- Partest compilation test tasks -->
    <run task="partestc">
      <v n="scala">2.11.0</v>
      <v n="java">1.7</v>
    </run>
    <run task="partestc">
      <v n="scala">2.11.6</v>
      <v n="java">1.7</v>
    </run>

    <run task="sbtplugin-test" />
  </matrix>

  <matrix id="nightly">
    <run matrix="pr" />

    <!-- Main test tasks (all remaining Scala versions) -->
    <run task="main">
      <v n="scala">2.10.3</v>
      <v n="java">1.7</v>
    </run>
    <run task="main">
      <v n="scala">2.10.4</v>
      <v n="java">1.7</v>
    </run>
    <run task="main">
      <v n="scala">2.10.5</v>
      <v n="java">1.6</v>
    </run>
    <run task="main">
      <v n="scala">2.10.5</v>
      <v n="java">1.7</v>
    </run>
    <run task="main">
      <v n="scala">2.10.5</v>
      <v n="java">1.8</v>
    </run>
    <run task="main">
      <v n="scala">2.11.0</v>
      <v n="java">1.7</v>
    </run>
    <run task="main">
      <v n="scala">2.11.1</v>
      <v n="java">1.7</v>
    </run>
    <run task="main">
      <v n="scala">2.11.2</v>
      <v n="java">1.6</v>
    </run>
    <run task="main">
      <v n="scala">2.11.2</v>
      <v n="java">1.7</v>
    </run>
    <run task="main">
      <v n="scala">2.11.2</v>
      <v n="java">1.8</v>
    </run>
    <run task="main">
      <v n="scala">2.11.4</v>
      <v n="java">1.6</v>
    </run>
    <run task="main">
      <v n="scala">2.11.4</v>
      <v n="java">1.7</v>
    </run>
    <run task="main">
      <v n="scala">2.11.4</v>
      <v n="java">1.8</v>
    </run>
    <run task="main">
      <v n="scala">2.11.5</v>
      <v n="java">1.6</v>
    </run>
    <run task="main">
      <v n="scala">2.11.5</v>
      <v n="java">1.7</v>
    </run>
    <run task="main">
      <v n="scala">2.11.5</v>
      <v n="java">1.8</v>
    </run>

    <!-- Bootstrap test tasks (all remaining Scala versions) -->
    <run task="bootstrap">
      <v n="scala">2.10.3</v>
      <v n="java">1.7</v>
    </run>
    <run task="bootstrap">
      <v n="scala">2.10.4</v>
      <v n="java">1.7</v>
    </run>
    <run task="bootstrap">
      <v n="scala">2.10.5</v>
      <v n="java">1.6</v>
    </run>
    <run task="bootstrap">
      <v n="scala">2.10.5</v>
      <v n="java">1.7</v>
    </run>
    <run task="bootstrap">
      <v n="scala">2.10.5</v>
      <v n="java">1.8</v>
    </run>
    <run task="bootstrap">
      <v n="scala">2.11.0</v>
      <v n="java">1.7</v>
    </run>
    <run task="bootstrap">
      <v n="scala">2.11.1</v>
      <v n="java">1.7</v>
    </run>
    <run task="bootstrap">
      <v n="scala">2.11.2</v>
      <v n="java">1.7</v>
    </run>
    <!-- Tools do not compile on Scala 2.11.4 (see #1215). -->
    <run task="bootstrap">
      <v n="scala">2.11.5</v>
      <v n="java">1.7</v>
    </run>
    <run task="bootstrap">
      <v n="scala">2.11.5</v>
      <v n="java">1.8</v>
    </run>

    <run task="partest-noopt">
      <v n="scala">2.11.6</v>
      <v n="java">1.7</v>
    </run>
    <run task="partest-fastopt">
      <v n="scala">2.11.6</v>
      <v n="java">1.7</v>
    </run>
    <run task="partest-fullopt">
      <v n="scala">2.11.6</v>
      <v n="java">1.7</v>
    </run>
  </matrix>

  <matrix id="weekly">
    <!-- weekly does not have to run nightly, since they will run at the same time -->

    <run task="partest-noopt">
      <v n="scala">2.11.0</v>
      <v n="java">1.7</v>
    </run>
    <run task="partest-fastopt">
      <v n="scala">2.11.0</v>
      <v n="java">1.7</v>
    </run>
    <run task="partest-fullopt">
      <v n="scala">2.11.0</v>
      <v n="java">1.7</v>
    </run>
    <run task="partest-noopt">
      <v n="scala">2.11.1</v>
      <v n="java">1.7</v>
    </run>
    <run task="partest-fastopt">
      <v n="scala">2.11.1</v>
      <v n="java">1.7</v>
    </run>
    <run task="partest-fullopt">
      <v n="scala">2.11.1</v>
      <v n="java">1.7</v>
    </run>
    <run task="partest-noopt">
      <v n="scala">2.11.2</v>
      <v n="java">1.7</v>
    </run>
    <run task="partest-fastopt">
      <v n="scala">2.11.2</v>
      <v n="java">1.7</v>
    </run>
    <run task="partest-fullopt">
      <v n="scala">2.11.2</v>
      <v n="java">1.7</v>
    </run>
    <run task="partest-noopt">
      <v n="scala">2.11.2</v>
      <v n="java">1.8</v>
    </run>
    <run task="partest-fastopt">
      <v n="scala">2.11.2</v>
      <v n="java">1.8</v>
    </run>
    <run task="partest-fullopt">
      <v n="scala">2.11.2</v>
      <v n="java">1.8</v>
    </run>
    <!-- Partest does not compile on Scala 2.11.4 (see #1215). -->
    <run task="partest-noopt">
      <v n="scala">2.11.5</v>
      <v n="java">1.7</v>
    </run>
    <run task="partest-fastopt">
      <v n="scala">2.11.5</v>
      <v n="java">1.7</v>
    </run>
    <run task="partest-fullopt">
      <v n="scala">2.11.5</v>
      <v n="java">1.7</v>
    </run>
    <run task="partest-noopt">
      <v n="scala">2.11.5</v>
      <v n="java">1.8</v>
    </run>
    <run task="partest-fastopt">
      <v n="scala">2.11.5</v>
      <v n="java">1.8</v>
    </run>
    <run task="partest-fullopt">
      <v n="scala">2.11.5</v>
      <v n="java">1.8</v>
    </run>
    <run task="partest-noopt">
      <v n="scala">2.11.6</v>
      <v n="java">1.8</v>
    </run>
    <run task="partest-fastopt">
      <v n="scala">2.11.6</v>
      <v n="java">1.8</v>
    </run>
    <run task="partest-fullopt">
      <v n="scala">2.11.6</v>
      <v n="java">1.8</v>
    </run>
    <!--
        Partest does sometimes not compile on JDK6 (see #1227) we
        therefore do not run any JDK6 partests.
      -->
  </matrix>

</ci>
